Lutadores;BackGround
Aaron Riley;Boxing
Aaron Rosa;MMA
Aaron Simpson;Wrestling
Abel Trujillo;Wrestling
Adlan Amagov;Russian Sambo
Adriano Martins;Brazilian Jiu Jitsu
Aisling Daly;Brazilian Jiu Jitsu
Akbarh Arreola;Brazilian Jiu Jitsu
Akihiro Gono;Kickboxing
Akira Corassani;Taekwondo
Al Iaquinta;Kickboxing
Alan Belcher;Muay Thai
Alan Jouban;Muay Thai
Alan Patrick Silva Alves;Brazilian Jiu Jitsu
Albert Tumenov;Karate
Alberto Mina;Brazilian Jiu Jitsu
Alejandro Perez;MMA
Aleksandra Albu;Judo
Alessio Sakara;Brazilian Jiu Jitsu
Alex Caceres;MMA
Alex Chambers;Karate
Alex Garcia;Boxing
Alex Hunter;Taekwondo
Alex Karalexis;Wrestling
Alex Morono;Brazilian Jiu Jitsu
Alex Oliveira;Muay Thai
Alex White;Brazilian Jiu Jitsu
Alexander Gustafsson;Wrestling
Alexander Yakovlev;Russian Sambo
Alexey Oleinik;Russian Sambo
Alexis Davis;Brazilian Jiu Jitsu
Ali Bagautinov;Russian Sambo
Alistair Overeem;Kickboxing
Aljamain Sterling;Muay Thai
Alptekin Ozkilic;Wrestling
Alvaro Herrera;Boxing
Alvin Robinson;Brazilian Jiu Jitsu
Amanda Nunes;Brazilian Jiu Jitsu
Amaury Bitetti;Brazilian Jiu Jitsu
Amir Sadollah;MMA
Anderson Silva;Brazilian Jiu Jitsu
Andre Fili;Boxing
Andre Roberts;Wrestling
Andre Winner;Boxing
Andrei Arlovski;Russian Sambo
Andrei Semenov;Russian Sambo
Andrew Craig;Muay Thai
Andrew Holbrook;Wrestling
Andy Ogle;MMA
Angela Hill;Muay Thai
Anthony Birchak;Brazilian Jiu Jitsu
Anthony Hamilton;Brazilian Jiu Jitsu
Anthony Johnson;Wrestling
Anthony Macias;MMA
Anthony Njokuani;MMA
Anthony Perosh;Brazilian Jiu Jitsu
Anthony Pettis;Taekwondo
Anthony Smith;Brazilian Jiu Jitsu
Anthony Torres;Taekwondo
Anton Kuivanen;MMA
Antoni Hardonk;Brazilian Jiu Jitsu
Antonio Braga Neto;Brazilian Jiu Jitsu
Antonio Carlos Jr.;Brazilian Jiu Jitsu
Antonio Carvalho;Brazilian Jiu Jitsu
Antonio Rodrigo Nogueira;Brazilian Jiu Jitsu
Antonio Rogerio Nogueira;Brazilian Jiu Jitsu
Antonio Silva;Brazilian Jiu Jitsu
Anying Wang;Wrestling
Arnold Allen;MMA
Ashlee Evans-Smith;Brazilian Jiu Jitsu
Augusto Montano;MMA
B.J. Penn;Brazilian Jiu Jitsu
Bart Palaszewski;Brazilian Jiu Jitsu
Bartosz Fabinski;MMA
Bas Rutten;Karate
Bec Rawlings;MMA
Ben Alloway;MMA
Ben Earwood;MMA
Ben Nguyen;Taekwondo
Ben Rothwell;Brazilian Jiu Jitsu
Ben Saunders;Brazilian Jiu Jitsu
Beneil Dariush;Brazilian Jiu Jitsu
Benji Radach;MMA
Benson Henderson;Taekwondo
Bethe Correia;Brazilian Jiu Jitsu
Bob Cook;MMA
Bobby Green;Boxing
Bobby Hoffman;Wrestling
Brad Blackburn;MMA
Brad Gumm;MMA
Brad Kohler;MMA
Brad Pickett;MMA
Brad Tavares;Brazilian Jiu Jitsu
Bradley Scott;Wrestling
Branden Lee Hinkle;Wrestling
Brandon Thatch;Karate
Brandon Vera;Wrestling
Brendan O'Reilly;Brazilian Jiu Jitsu
Brendan Schaub;Brazilian Jiu Jitsu
Brian Bowles;Brazilian Jiu Jitsu
Brian Ebersole;Muay Thai
Brian Foster;Kickboxing
Brian Johnston;Wrestling
Brian Melancon;Brazilian Jiu Jitsu
Brian Ortega;Brazilian Jiu Jitsu
Brian Stann;Brazilian Jiu Jitsu
Brock Larson;Brazilian Jiu Jitsu
Brock Lesnar;Wrestling
Bruno Santos;Brazilian Jiu Jitsu
Bryan Barberena;Brazilian Jiu Jitsu
Bryan Caraway;Wrestling
Bubba McDaniel;MMA
Buddy Roberts;Wrestling
C.B. Dollaway;Brazilian Jiu Jitsu
Cain Velasquez;Brazilian Jiu Jitsu
Caio Magalhaes;Brazilian Jiu Jitsu
Cal Worsham;Boxing
Caol Uno;Wrestling
Carla Esparza;Wrestling
Carlo Prater;Brazilian Jiu Jitsu
Carlos Condit;Brazilian Jiu Jitsu
Carlos Diego Ferreira;Brazilian Jiu Jitsu
Carlos Eduardo Rocha;Brazilian Jiu Jitsu
Carlos Newton;Brazilian Jiu Jitsu
Carmelo Marrero;Wrestling
Cat Zingano;Wrestling
Cathal Pendred;MMA
Cesar Marcussi;MMA
Cezar Ferreira;Brazilian Jiu Jitsu
Chad Laprise;Brazilian Jiu Jitsu
Chad Mendes;Wrestling
Chael Sonnen;Wrestling
Chan Sung Jung;Taekwondo
Charles McCarthy;Brazilian Jiu Jitsu
Charles Oliveira;Brazilian Jiu Jitsu
Charles Rosa;Brazilian Jiu Jitsu
Charlie Brenneman;Brazilian Jiu Jitsu
Chas Skelly;Wrestling
Che Mills;Muay Thai
Cheick Kongo;Karate
Chico Camus;MMA
Chris Beal;Wrestling
Chris Brennan;Brazilian Jiu Jitsu
Chris Camozzi;Muay Thai
Chris Cariaso;Brazilian Jiu Jitsu
Chris Clements;Taekwondo
Chris Cope;Taekwondo
Chris Dempsey;Wrestling
Chris Gruetzemacher;Brazilian Jiu Jitsu
Chris Holdsworth;Kickboxing
Chris Kelades;Brazilian Jiu Jitsu
Chris Leben;Brazilian Jiu Jitsu
Chris Lytle;Boxing
Chris Tuchscherer;Wrestling
Chris Wade;Wrestling
Chris Weidman;Wrestling
Chris Wilson;Brazilian Jiu Jitsu
Christian Morecraft;MMA
Christian Wellisch;Kickboxing
Christos Giagos;Wrestling
Chuck Liddell;Wrestling
Claude Patrick;Brazilian Jiu Jitsu
Claudia Gadelha;Brazilian Jiu Jitsu
Claudio Henrique da Silva;Brazilian Jiu Jitsu
Clay Collard;MMA
Clay Guida;Wrestling
Clay Harvison;MMA
Clifford Starks;Wrestling
Clint Hester;Muay Thai
Cody Donovan;Brazilian Jiu Jitsu
Cody Garbrandt;Boxing
Cody Gibson;Brazilian Jiu Jitsu
Cody McKenzie;Brazilian Jiu Jitsu
Cody Pfister;MMA
Colby Covington;Wrestling
Cole Miller;Brazilian Jiu Jitsu
Colton Smith;Brazilian Jiu Jitsu
Conor McGregor;Boxing
Corey Anderson;MMA
Corey Hill;Wrestling
Costas Philippou;Boxing
Court McGee;Wrestling
Cristiano Marcello;Brazilian Jiu Jitsu
Cub Swanson;Brazilian Jiu Jitsu
Cung Le;Taekwondo
Curt Warburton;MMA
Cyrille Diabate;Kickboxing
Dale Hartt;MMA
DaMarques Johnson;Brazilian Jiu Jitsu
Damon Jackson;Wrestling
Dan Bobish;Wrestling
Dan Christison;MMA
Dan Cramer;MMA
Dan Hardy;Taekwondo
Dan Henderson;Wrestling
Dan Miller;Brazilian Jiu Jitsu
Dan Severn;Judo
Daniel Cormier;Wrestling
Daniel Hooker;Muay Thai
Daniel Kelly;Judo
Daniel Omielanczuk;MMA
Daniel Pineda;Brazilian Jiu Jitsu
Daniel Roberts;Wrestling
Daniel Sarafian;Brazilian Jiu Jitsu
Danny Castillo;Brazilian Jiu Jitsu
Danny Martinez;MMA
Danny Roberts;Boxing
Daron Cruickshank;Wrestling
Darren Elkins;Wrestling
Darren Till;Muay Thai
Darren Uyenoyama;Brazilian Jiu Jitsu
Dave Beneteau;Wrestling
Dave Herman;Wrestling
Dave Menne;MMA
Dave Strasser;Wrestling
David Abbott;Wrestling
David Bielkheden;Brazilian Jiu Jitsu
David Branch;Brazilian Jiu Jitsu
David Heath;MMA
David Loiseau;MMA
David Michaud;Wrestling
David Mitchell;Brazilian Jiu Jitsu
David Terrell;Brazilian Jiu Jitsu
Dean Lister;Wrestling
Demetrious Johnson;Wrestling
Demian Maia;Brazilian Jiu Jitsu
Denis Kang;Brazilian Jiu Jitsu
Dennis Bermudez;Wrestling
Dennis Hallman;Wrestling
Dennis Siver;Taekwondo
Derek Brunson;Boxing
Derrick Lewis;MMA
Dhiego Lima;MMA
Diego Brandao;Brazilian Jiu Jitsu
Diego Nunes;Muay Thai
Diego Rivas;Brazilian Jiu Jitsu
Diego Sanchez;Brazilian Jiu Jitsu
Din Thomas;Brazilian Jiu Jitsu
Dominick Cruz;Wrestling
Dominique Steele;Wrestling
Don Frye;Wrestling
Donald Cerrone;Muay Thai
Dong Hyun Kim;Judo
Dongi Yang;Judo
Doo Ho Choi;Boxing
Douglas Silva de Andrade;Boxing
Drew Dober;Muay Thai
Drew Fickett;Brazilian Jiu Jitsu
Drew McFedries;MMA
Duane Ludwig;Kickboxing
Dustin Hazelett;Brazilian Jiu Jitsu
Dustin Kimura;Kickboxing
Dustin Ortiz;Brazilian Jiu Jitsu
Dustin Pague;Boxing
Dustin Poirier;Brazilian Jiu Jitsu
Dwayne Cason;Wrestling
Dylan Andrews;MMA
Ebenezer Fontes Braga;MMA
Ed Herman;Brazilian Jiu Jitsu
Eddie Alvarez;Boxing
Eddie Gordon;Boxing
Eddie Sanchez;MMA
Eddie Wineland;Wrestling
Eddie Yagin;MMA
Edimilson Souza;MMA
Edson Barboza;Muay Thai
Edwin Figueroa;Boxing
Efrain Escudero;Wrestling
Elias Silverio;MMA
Elias Theodorou;MMA
Eliot Marshall;Brazilian Jiu Jitsu
Elizabeth Phillips;MMA
Elvis Sinosic;Brazilian Jiu Jitsu
Enrique Barzola;Wrestling
Enrique Briones;MMA
Enson Inoue;Brazilian Jiu Jitsu
Eric Schafer;Brazilian Jiu Jitsu
Erick Montano;MMA
Erick Silva;Brazilian Jiu Jitsu
Erik Koch;Taekwondo
Erik Perez;MMA
Ernest Chavez;MMA
Eugene Jackson;MMA
Evan Dunham;Wrestling
Evan Tanner;Wrestling
Fabiano Iha;Brazilian Jiu Jitsu
Fabio Maldonado;Boxing
Fabricio Camoes;Brazilian Jiu Jitsu
Fabricio Werdum;Brazilian Jiu Jitsu
Falaniko Vitale;Wrestling
Felice Herrig;Muay Thai
Felipe Arantes;Muay Thai
Forrest Griffin;Brazilian Jiu Jitsu
Forrest Petz;Wrestling
Francimar Barroso;Brazilian Jiu Jitsu
Francis Carmont;Wrestling
Francis Ngannou;Boxing
Francisco Rivera;MMA
Francisco Trevino;MMA
Francisco Trinaldo;Kickboxing
Frank Hamaker;MMA
Frank Mir;Karate
Frank Shamrock;Boxing
Frank Trigg;Wrestling
Frankie Edgar;Wrestling
Frankie Perez;Brazilian Jiu Jitsu
Frankie Saenz;Wrestling
Freddy Serrano;Wrestling
Gabriel Benitez;Boxing
Gabriel Gonzaga;Brazilian Jiu Jitsu
Gan McGee;Wrestling
Garreth McLellan;Karate
Gary Goodridge;Kickboxing
Gasan Umalatov;Russian Sambo
Geane Herrera;Brazilian Jiu Jitsu
Gegard Mousasi;Kickboxing
Genki Sudo;Brazilian Jiu Jitsu
George Roop;Taekwondo
George Sotiropoulos;Brazilian Jiu Jitsu
George Sullivan;Brazilian Jiu Jitsu
Georges St. Pierre;Wrestling
Gerald Harris;Wrestling
Gerard Gordeau;Karate
Germaine de Randamie;Kickboxing
Geza Kalman;MMA
Gian Villante;Kickboxing
Gil Castillo;Wrestling
Gilbert Burns;Brazilian Jiu Jitsu
Gilbert Melendez;Boxing
Glaico Franca;MMA
Gleison Tibau;Brazilian Jiu Jitsu
Glover Teixeira;Boxing
Godofredo Castro;Brazilian Jiu Jitsu
Goran Reljic;Brazilian Jiu Jitsu
Gray Maynard;Boxing
Greg Soto;Brazilian Jiu Jitsu
Guangyou Ning;Muay Thai
Guido Cannetti;Muay Thai
Gunnar Nelson;Karate
Guy Mezger;Kickboxing
Hacran Dias;Brazilian Jiu Jitsu
Hans Stringer;Brazilian Jiu Jitsu
Harold Howard;Karate
Hatsu Hioki;Brazilian Jiu Jitsu
Heath Herring;Wrestling
Heather Clark;Brazilian Jiu Jitsu
Hector Lombard;Judo
Hector Urbina;MMA
Henry Cejudo;Wrestling
Henry Martinez;MMA
Hermes Franca;Brazilian Jiu Jitsu
Holly Holm;Boxing
Houston Alexander;Wrestling
Hugo Viana;Taekwondo
Hyun Gyu Lim;Taekwondo
Ian Entwistle;MMA
Ian Freeman;Boxing
Ian Loveland;Taekwondo
Ian McCall;Kung Fu
Igor Araujo;Brazilian Jiu Jitsu
Igor Pokrajac;Brazilian Jiu Jitsu
Ikuhisa Minowa;MMA
Ildemar Alcantara;Brazilian Jiu Jitsu
Ilir Latifi;Boxing
Isaac Vallie-Flagg;Brazilian Jiu Jitsu
Islam Makhachev;Russian Sambo
Issei Tamura;MMA
Iuri Alcantara;Brazilian Jiu Jitsu
Ivan Jorge;Brazilian Jiu Jitsu
Ivan Menjivar;Brazilian Jiu Jitsu
Ivan Salaverry;Muay Thai
Jack Nilson;MMA
Jacob Volkmann;Wrestling
Jake Collier;MMA
Jake Ellenberger;Wrestling
Jake Hecht;MMA
Jake Matthews;Brazilian Jiu Jitsu
Jake O'Brien;Wrestling
Jake Rosholt;Wrestling
Jake Shields;Brazilian Jiu Jitsu
James Head;Brazilian Jiu Jitsu
James Irvin;MMA
James Krause;Brazilian Jiu Jitsu
James McSweeney;Kickboxing
James Moontasri;Taekwondo
James Te Huna;MMA
James Vick;Boxing
James Wilks;Taekwondo
Jamie Varner;Wrestling
Jan Blachowicz;Brazilian Jiu Jitsu
Jared Hamman;Wrestling
Jared Rosholt;Wrestling
Jason Brilz;Wrestling
Jason Day;MMA
Jason DeLucia;MMA
Jason Dent;Muay Thai
Jason High;Brazilian Jiu Jitsu
Jason Lambert;MMA
Jason MacDonald;Brazilian Jiu Jitsu
Jason Saggo;Brazilian Jiu Jitsu
Jason Von Flue;Brazilian Jiu Jitsu
Jason Young;MMA
Javier Vazquez;Brazilian Jiu Jitsu
Jeff Hougland;Brazilian Jiu Jitsu
Jeff Monson;Brazilian Jiu Jitsu
Jens Pulver;Boxing
Jeremy Horn;MMA
Jeremy Stephens;Wrestling
Jerrod Sanders;Wrestling
Jerry Bohlander;Wrestling
Jess Liaudin;Muay Thai
Jessamyn Duke;Muay Thai
Jesse Lennox;MMA
Jessica Andrade;Boxing
Jessica Eye;Boxing
Jessica Penne;Brazilian Jiu Jitsu
Jim Alers;Brazilian Jiu Jitsu
Jim Hettes;Judo
Jim Miller;Wrestling
Jimi Manuwa;Boxing
Jimmie Rivera;Karate
Jingliang Li;Wrestling
Joanna Jedrzejczyk;Muay Thai
Joanne Calderwood;Muay Thai
Joaquim Silva;Boxing
Joby Sanchez;Kickboxing
Joe Charles;Judo
Joe Doerksen;Brazilian Jiu Jitsu
Joe Ellenberger;Wrestling
Joe Lauzon;Brazilian Jiu Jitsu
Joe Moreira;Brazilian Jiu Jitsu
Joe Proctor;Brazilian Jiu Jitsu
Joe Riggs;Brazilian Jiu Jitsu
Joe Stevenson;Brazilian Jiu Jitsu
Joel Sutton;MMA
Joey Beltran;Wrestling
John Albert;Wrestling
John Cholish;Brazilian Jiu Jitsu
John Dodson;MMA
John Gunderson;MMA
John Hathaway;Wrestling
John Howard;Brazilian Jiu Jitsu
John Lewis;MMA
John Lineker;Boxing
John Maguire;MMA
John Makdessi;Karate
John Moraga;Wrestling
John Salter;Brazilian Jiu Jitsu
Johnny Bedford;Wrestling
Johnny Case;Wrestling
Johnny Eduardo;Brazilian Jiu Jitsu
Johnny Rhodes;MMA
Johny Hendricks;Wrestling
Jon delos Reyes;Kickboxing
Jon Fitch;Kickboxing
Jon Hess;Kung Fu
Jon Jones;MMA
Jon Madsen;Wrestling
Jon Tuck;Brazilian Jiu Jitsu
Jonathan Brookins;MMA
Jonathan Goulet;Karate
Jonathan Wiezorek;MMA
Jonathan Wilson;MMA
Jordan Mein;Kickboxing
Jorge Gurgel;Brazilian Jiu Jitsu
Jorge Masvidal;Boxing
Jorge Rivera;Brazilian Jiu Jitsu
Jorge Santiago;Brazilian Jiu Jitsu
Jose Alberto Quinonez;Wrestling
Jose Aldo;Muay Thai
Joseph Benavidez;Muay Thai
Joseph Duffy;Taekwondo
Josh Barnett;Wrestling
Josh Koscheck;Wrestling
Josh Neer;Wrestling
Josh Samman;Brazilian Jiu Jitsu
Josh Sampo;Wrestling
Josh Thomson;Kickboxing
Joshua Burkman;Wrestling
Julian Erosa;MMA
Juliana Lima;Muay Thai
Julianna Pena;Kickboxing
Junie Allen Browning;Wrestling
Junior Assuncao;Capoeira
Junior dos Santos;Capoeira
Jussier da Silva;Brazilian Jiu Jitsu
Justin Buchholz;Brazilian Jiu Jitsu
Justin Edwards;Wrestling
Justin Eilers;Boxing
Justin Lawrence;Kickboxing
Justin Martin;MMA
Justin McCully;Wrestling
Justin Salas;Wrestling
Justin Scoggins;Karate
Justine Kish;Karate
Jutaro Nakao;Judo
K.J. Noons;Karate
Kailin Curran;MMA
Kajan Johnson;Brazilian Jiu Jitsu
Kalib Starnes;Brazilian Jiu Jitsu
Kamaru Usman;Wrestling
Karlos Vemola;Wrestling
Karo Parisyan;Judo
Karolina Kowalkiewicz;Muay Thai
Katsunori Kikuno;Karate
Kazuki Tokudome;Judo
Kazuo Takahashi;Wrestling
Keita Nakamura;MMA
Keith Hackney;Karate
Keith Jardine;Wrestling
Keith Rockel;MMA
Kelvin Gastelum;Boxing
Ken Shamrock;Kickboxing
Ken Stone;MMA
Kendall Grove;Boxing
Kenny Florian;Brazilian Jiu Jitsu
Kenny Robertson;Wrestling
Kevin Burns;Taekwondo
Kevin Casey;Brazilian Jiu Jitsu
Kevin Ferguson;Boxing
Kevin Jackson;Wrestling
Kevin Lee;Wrestling
Kevin Randleman;Wrestling
Kevin Rosier;Kickboxing
Khabib Nurmagomedov;Russian Sambo
Kiichi Kunimoto;Brazilian Jiu Jitsu
Kimo Leopoldo;Taekwondo
Krzysztof Jotko;Brazilian Jiu Jitsu
Krzysztof Soszynski;Kickboxing
Kuniyoshi Hironaka;MMA
Kurt Pellegrino;Brazilian Jiu Jitsu
Kyle Bradley;MMA
Kyle Kingsbury;Kickboxing
Kyle Noke;Boxing
Kyle Watson;MMA
Kyoji Horiguchi;Karate
Kyung Ho Kang;Wrestling
Lance Benoist;Brazilian Jiu Jitsu
Lance Gibson;Kickboxing
Lauren Murphy;Brazilian Jiu Jitsu
Lavar Johnson;MMA
LaVerne Clark;Boxing
Leandro Issa;Brazilian Jiu Jitsu
Leandro Silva;Brazilian Jiu Jitsu
Lee Murray;MMA
Leon Edwards;Kickboxing
Leonard Garcia;Brazilian Jiu Jitsu
Leonardo Mafra Texeira;Muay Thai
Leonardo Santos;Brazilian Jiu Jitsu
Leslie Smith;Brazilian Jiu Jitsu
Levan Makashvili;Wrestling
Lipeng Zhang;Brazilian Jiu Jitsu
Liz Carmouche;Brazilian Jiu Jitsu
Logan Clark;MMA
Lorenz Larkin;Boxing
Louis Gaudinot;Karate
Louis Smolka;Judo
Lucas Martins;Muay Thai
Luigi Fioravanti;Boxing
Luiz Cane;Muay Thai
Luke Barnatt;Wrestling
Luke Cummo;Muay Thai
Luke Rockhold;Kickboxing
Luke Sanders;Wrestling
Luke Zachrich;Brazilian Jiu Jitsu
Lyman Good;MMA
Lyoto Machida;Karate
Mac Danzig;Boxing
Mackens Semerzier;Brazilian Jiu Jitsu
Magnus Cedenblad;MMA
Magomed Mustafaev;Wrestling
Maiquel Falcao;Brazilian Jiu Jitsu
Mairbek Taisumov;Muay Thai
Makwan Amirkhani;Muay Thai
Manny Gamburyan;Judo
Marcelo Guimaraes;Brazilian Jiu Jitsu
Marcelo Mello;MMA
Marcio Cruz;Brazilian Jiu Jitsu
Marco Beltran;Brazilian Jiu Jitsu
Marco Polo Reyes;Muay Thai
Marco Ruas;Brazilian Jiu Jitsu
Marcos Rogerio de Lima;Brazilian Jiu Jitsu
Marcos Vinicius Borges Pancini;Muay Thai
Marcus Aurelio;Brazilian Jiu Jitsu
Marcus Bossett;Brazilian Jiu Jitsu
Marcus Brimage;Muay Thai
Marcus Davis;Karate
Marcus LeVesseur;Wrestling
Mario Miranda;Brazilian Jiu Jitsu
Marion Reneau;Brazilian Jiu Jitsu
Mark Bocek;Brazilian Jiu Jitsu
Mark Coleman;Wrestling
Mark Eddiva;MMA
Mark Hall;Karate
Mark Hominick;Kickboxing
Mark Hughes;Brazilian Jiu Jitsu
Mark Hunt;Boxing
Mark Kerr;Wrestling
Mark Munoz;Wrestling
Mark Schultz;Wrestling
Mark Weir;Taekwondo
Marlon Vera;Brazilian Jiu Jitsu
Martin Kampmann;Muay Thai
Marvin Eastman;Muay Thai
Maryna Moroz;Boxing
Masanori Kanehara;Brazilian Jiu Jitsu
Masio Fullen;MMA
Matheus Nicolau Pereira;Brazilian Jiu Jitsu
Matt Arroyo;Brazilian Jiu Jitsu
Matt Brown;Judo
Matt Dwyer;Brazilian Jiu Jitsu
Matt Grice;Wrestling
Matt Hamill;Wrestling
Matt Hobar;MMA
Matt Hughes;Wrestling
Matt Lindland;Wrestling
Matt Mitrione;Karate
Matt Riddle;Wrestling
Matt Serra;Kung Fu
Matt Veach;Wrestling
Matt Wiman;MMA
Maurice Smith;Kickboxing
Mauricio Rua;Muay Thai
Max Holloway;Kickboxing
Maximo Blanco;Taekwondo
Melvin Guillard;Wrestling
Michael Bisping;Brazilian Jiu Jitsu
Michael Chiesa;Boxing
Michael Graves;Wrestling
Michael Guymon;Muay Thai
Michael Johnson;Wrestling
Michael Kuiper;Judo
Michael McDonald;Kickboxing
Michel Richard Cunha dos Prazeres;Brazilian Jiu Jitsu
Michelle Waterson;Karate
Michihiro Omigawa;Judo
Michinori Tanaka;Judo
Mickael Lebout;MMA
Mickey Gall;Boxing
Miesha Tate;Wrestling
Miguel Torres;Brazilian Jiu Jitsu
Mike Ciesnolevicz;MMA
Mike de la Torre;MMA
Mike Easton;Taekwondo
Mike Kyle;Kickboxing
Mike Massenzio;MMA
Mike Nickels;MMA
Mike Pierce;MMA
Mike Pyle;Wrestling
Mike Ricci;Kickboxing
Mike Rio;Wrestling
Mike Russow;Wrestling
Mike Swick;MMA
Mike Thomas Brown;Brazilian Jiu Jitsu
Mike Van Arsdale;Wrestling
Mike Wilkinson;MMA
Mikey Burnett;Boxing
Milana Dudieva;Russian Sambo
Mirko Filipovic;Kickboxing
Mirsad Bektic;Wrestling
Misha Cirkunov;Brazilian Jiu Jitsu
Mitch Clarke;Brazilian Jiu Jitsu
Mitch Gagnon;Brazilian Jiu Jitsu
Mizuto Hirota;Boxing
Murilo Bustamante;Brazilian Jiu Jitsu
Myles Jury;Brazilian Jiu Jitsu
Nah-Shon Burrell;MMA
Nam Phan;Karate
Nate Diaz;Brazilian Jiu Jitsu
Nate Loughran;MMA
Nate Marquardt;Brazilian Jiu Jitsu
Nate Mohr;MMA
Nate Quarry;Muay Thai
Nathan Coy;Wrestling
Neil Magny;Taekwondo
Neil Seery;Karate
Nicholas Musoke;Muay Thai
Nick Catone;Wrestling
Nick Denis;Karate
Nick Diaz;Brazilian Jiu Jitsu
Nick Hein;Brazilian Jiu Jitsu
Nick Osipczak;Brazilian Jiu Jitsu
Nick Pace;MMA
Nick Ring;Muay Thai
Nick Sanzo;MMA
Nick Thompson;MMA
Nicolas Dalby;Karate
Nik Lentz;Wrestling
Nikita Krylov;Karate
Niklas Backstrom;Wrestling
Noad Lahat;Kickboxing
Nordine Taleb;Muay Thai
Norman Parke;Wrestling
Oleg Taktarov;Russian Sambo
Olivier Aubin-Mercier;Judo
Oluwale Bamgbose;Muay Thai
Omari Akhmedov;Russian Sambo
Onassis Parungao;MMA
Orlando Wiet;MMA
Ovince St. Preux;Wrestling
Pablo Garza;Brazilian Jiu Jitsu
Paige VanZant;MMA
Papy Abedi;Judo
Pascal Krauss;Boxing
Pat Barry;Kickboxing
Pat Healy;Muay Thai
Pat Miletich;Karate
Patrick Cote;Muay Thai
Patrick Cummins;Wrestling
Patrick Holohan;Brazilian Jiu Jitsu
Patrick Smith;Kickboxing
Patrick Walsh;MMA
Patrick Williams;MMA
Paul Buentello;Taekwondo
Paul Daley;Kickboxing
Paul Felder;Taekwondo
Paul Jones;Boxing
Paul Kelly;Muay Thai
Paul Sass;Brazilian Jiu Jitsu
Paul Taylor;Kickboxing
Paul Varelans;Wrestling
Paulo Thiago;Brazilian Jiu Jitsu
Pawel Pawlak;MMA
Pedro Munhoz;Brazilian Jiu Jitsu
Pedro Nobre;Brazilian Jiu Jitsu
Pedro Rizzo;Muay Thai
Per Eklund;Brazilian Jiu Jitsu
Pete Sell;Brazilian Jiu Jitsu
Pete Spratt;Karate
Pete Williams;MMA
Peter Sobotta;Brazilian Jiu Jitsu
Phil Baroni;Kickboxing
Phil Davis;Wrestling
Phil Harris;Judo
Philip De Fries;Brazilian Jiu Jitsu
Phillip Miller;MMA
Phillipe Nover;Brazilian Jiu Jitsu
Piotr Hallmann;Karate
Quinton Jackson;Kickboxing
Rafael Carino;Brazilian Jiu Jitsu
Rafael Cavalcante;Brazilian Jiu Jitsu
Rafael dos Anjos;Muay Thai
Rafael Natal;Brazilian Jiu Jitsu
Rafaello Oliveira;Brazilian Jiu Jitsu
Rameau Thierry Sokoudjou;Judo
Ramsey Nijem;Wrestling
Randa Markos;Wrestling
Randy Brown;Boxing
Randy Couture;Wrestling
Rani Yahya;Muay Thai
Raphael Assuncao;Brazilian Jiu Jitsu
Raquel Pennington;Boxing
Rashad Evans;Wrestling
Rashid Magomedov;Karate
Ray Borg;MMA
Reginaldo Vieira;MMA
Remco Pardoel;Judo
Renan Barao;Muay Thai
Renato Carneiro;Muay Thai
Renato Sobral;Brazilian Jiu Jitsu
Renato Verissimo;Brazilian Jiu Jitsu
Renee Forte;Karate
Reuben Duran;Boxing
Reza Madadi;Wrestling
Ricardo Abreu;Brazilian Jiu Jitsu
Ricardo Almeida;Brazilian Jiu Jitsu
Ricardo Lamas;Wrestling
Ricardo Romero;MMA
Ricco Rodriguez;Brazilian Jiu Jitsu
Rich Attonito;Wrestling
Rich Clementi;Wrestling
Rich Franklin;Kickboxing
Richard Walsh;Brazilian Jiu Jitsu
Richie Vaculik;Wrestling
Rick Story;Wrestling
Riki Fukuda;Kickboxing
Roan Carneiro;Brazilian Jiu Jitsu
Rob Broughton;MMA
Rob Font;Muay Thai
Rob Kimmons;Brazilian Jiu Jitsu
Rob MacDonald;Wrestling
Robbie Lawler;MMA
Robbie Peralta;Taekwondo
Robert Drysdale;Brazilian Jiu Jitsu
Robert Emerson;Wrestling
Robert Whiteford;Judo
Robert Whittaker;Karate
Roberto Traven;Brazilian Jiu Jitsu
Rodrigo Damm;Brazilian Jiu Jitsu
Roger Bowling;Boxing
Roger Huerta;Muay Thai
Roger Narvaez;Boxing
Roland Delorme;Judo
Roli Delgado;Brazilian Jiu Jitsu
Roman Mitichyan;MMA
Roman Salazar;MMA
Ron Stallings;Brazilian Jiu Jitsu
Ron Waterman;Wrestling
Ronaldo Souza;Brazilian Jiu Jitsu
Ronda Rousey;Judo
Ronny Markes;Brazilian Jiu Jitsu
Rony Mariano Bezerra;Brazilian Jiu Jitsu
Rory MacDonald;Kickboxing
Rory Markham;Karate
Rory Singer;Muay Thai
Rose Namajunas;Kickboxing
Ross Pearson;Taekwondo
Rousimar Palhares;Brazilian Jiu Jitsu
Roy Nelson;Boxing
Royce Gracie;Brazilian Jiu Jitsu
Royston Wee;MMA
Ruslan Magomedov;Muay Thai
Russell Doane;MMA
Rustam Khabilov;Wrestling
Ryan Bader;Wrestling
Ryan Benoit;MMA
Ryan Hall;Brazilian Jiu Jitsu
Ryan Jensen;MMA
Ryan Jimmo;Karate
Ryan LaFlare;Kickboxing
Ryo Chonan;Karate
Sage Northcutt;Taekwondo
Sai Wang;MMA
Sam Adkins;MMA
Sam Alvey;Wrestling
Sam Hoger;Karate
Sam Sicilia;MMA
Sam Stout;Karate
Sanae Kikuta;Judo
Santiago Ponzinibbio;Kickboxing
Sara McMann;Wrestling
Sarah Kaufman;Kickboxing
Sarah Moras;MMA
Scott Adams;MMA
Scott Askham;Brazilian Jiu Jitsu
Scott Bessac;MMA
Scott Ferrozzo;MMA
Scott Holtzman;MMA
Scott Jorgensen;Wrestling
Scott Morris;MMA
Scott Smith;Wrestling
Sean McCorkle;MMA
Sean O'Connell;Boxing
Sean Pierson;Wrestling
Sean Sherk;Wrestling
Sean Spencer;MMA
Sean Strickland;MMA
Semmy Schilt;Karate
Seo Hee Ham;Kickboxing
Sergio Moraes;Brazilian Jiu Jitsu
Sergio Pettis;Taekwondo
Seth Baczynski;MMA
Shamar Bailey;MMA
Shamil Abdurakhimov;Kickboxing
Shane Campbell;Kickboxing
Shane Carwin;Boxing
Shane Nelson;Brazilian Jiu Jitsu
Shane Roller;Wrestling
Shannon Gugerty;Boxing
Shawn Jordan;Wrestling
Sheldon Westcott;MMA
Shinsho Anzai;Wrestling
Shonie Carter;Wrestling
Simeon Thoresen;Muay Thai
Sione Latu;MMA
Sirwan Kakai;MMA
Siyar Bahadurzada;Kickboxing
Soa Palelei;Wrestling
Spencer Fisher;Wrestling
Stanislav Nedkov;Wrestling
Stefan Struve;MMA
Stephan Bonnar;Brazilian Jiu Jitsu
Stephen Thompson;Karate
Steve Bruno;MMA
Steve Cantwell;Kickboxing
Steve Jennum;MMA
Steve Nelmark;MMA
Steven Graham;MMA
Steven Ray;MMA
Steven Siler;MMA
Stipe Miocic;Boxing
T.J. Dillashaw;Muay Thai
T.J. Grant;Wrestling
T.J. Waldburger;Brazilian Jiu Jitsu
Tae Hyun Bang;MMA
Tai Bowden;MMA
Takanori Gomi;Kickboxing
Takeya Mizugaki;Boxing
Tamdan McCrory;Wrestling
Tarec Saffiedine;Karate
Tatsuya Kawajiri;Kickboxing
Taylor Lapilus;MMA
Tecia Torres;Taekwondo
Tedd Williams;MMA
Terry Etim;MMA
Terry Martin;Boxing
Thales Leites;Brazilian Jiu Jitsu
Thiago Alves;Muay Thai
Thiago de Oliveira Perpetuo;Brazilian Jiu Jitsu
Thiago Santos;Muay Thai
Thiago Silva;Kickboxing
Thiago Tavares;Brazilian Jiu Jitsu
Thomas Almeida;Muay Thai
Tiago dos Santos e Silva;Brazilian Jiu Jitsu
Tiequan Zhang;Wrestling
Tim Boetsch;Wrestling
Tim Credeur;Brazilian Jiu Jitsu
Tim Elliott;Wrestling
Tim Hague;Boxing
Tim Kennedy;Brazilian Jiu Jitsu
Tim Lajcik;MMA
Tim Means;MMA
Tim Sylvia;Boxing
Timothy Johnson;Wrestling
Tito Ortiz;Boxing
Todd Duffee;MMA
Todd Medina;MMA
Tom Breese;Brazilian Jiu Jitsu
Tom Lawlor;Wrestling
Tom Murphy;MMA
Tom Niinimaki;Wrestling
Tom Watson;Muay Thai
Tomasz Drwal;MMA
Tony DeSouza;Brazilian Jiu Jitsu
Tony Ferguson;Brazilian Jiu Jitsu
Tony Fryklund;Boxing
Tony Martin;Brazilian Jiu Jitsu
Tony Sims;MMA
Tor Troeng;Brazilian Jiu Jitsu
Travis Browne;Muay Thai
Travis Fulton;Boxing
Travis Lutter;Wrestling
Trevor Prangley;Kickboxing
Trevor Smith;Wrestling
Troy Mandaloniz;MMA
Tsuyoshi Kosaka;Judo
Tulio Palhares;MMA
Tyron Woodley;Boxing
Tyson Griffin;Kickboxing
Uriah Hall;Karate
Urijah Faber;Wrestling
Vagner Rocha;Brazilian Jiu Jitsu
Valentina Shevchenko;Muay Thai
Valerie Letourneau;Boxing
Valmir Lazaro;MMA
Vaughan Lee;Muay Thai
Vernon White;MMA
Vicente Luque;Brazilian Jiu Jitsu
Vik Grujic;MMA
Viktor Pesta;MMA
Vinc Pichel;MMA
Vinny Magalhaes;Brazilian Jiu Jitsu
Viscardi Andrade;Brazilian Jiu Jitsu
Vitor Belfort;Brazilian Jiu Jitsu
Vitor Miranda;Kickboxing
Vladimir Matyushenko;Wrestling
Wagner Prado;Brazilian Jiu Jitsu
Walel Watson;MMA
Wanderlei Silva;Muay Thai
War Machine;Wrestling
Warlley Alves;Brazilian Jiu Jitsu
Waylon Lowe;Wrestling
Wesley Correira;Boxing
William Macario;MMA
Willie Gates;MMA
Wilson Gouveia;Brazilian Jiu Jitsu
Wilson Reis;Brazilian Jiu Jitsu
Yair Rodriguez;Taekwondo
Yan Cabral;Brazilian Jiu Jitsu
Yancy Medeiros;Boxing
Yaotzin Meza;MMA
Yoel Romero;Wrestling
Yosdenis Cedeno;Karate
Yoshihiro Akiyama;MMA
Yoshiyuki Yoshida;Judo
Yui Chul Nam;Taekwondo
Yuki Kondo;Karate
Yushin Okami;Judo
Yuta Sasaki;Kickboxing
Yves Edwards;Muay Thai
Yves Jabouin;MMA
Zach Makovsky;Wrestling
Zak Cummings;Wrestling
Zhikui Yao;Wrestling
Zubaira Tukhugov;MMA